,GBP,avgLoss,bandwidth,delay,loss_at_ng0,ng0,p1,p2,p3,r0,r1,r2,r3,s1,s2,s3
0,0.5083,166.189,0.0452,8.9504,236.5578,11.3519,0.24086,-1.7361293194379704e-22,0.342501,0.216737,0.338789,0.227213,0.390912,0.277093,-1.815981944045016e-40,0.461249
1,0.5092,171.4179,0.0455,8.3258,248.6397,11.2104,0.239201,5.887742909398327e-23,0.34247,0.217864,0.337336,0.22568,0.390032,0.277199,-1.863053781612351e-40,0.461386
2,0.5083,172.2222,0.0453,8.4288,249.1702,11.3006,0.240251,-6.763355957462687e-22,0.34064,0.217932,0.338908,0.226244,0.390795,0.276121,-4.21169072970877e-42,0.460649
3,0.5084,172.7529,0.0454,8.2914,250.6981,11.2359,0.239796,1.1549034168435165e-21,0.340994,0.218481,0.33783,0.227298,0.389721,0.277429,-1.0851297291837909e-40,0.461917
4,0.0454,107.0348,0.0031,29.3538,112.8495,14.9377,0.239461,-2.8105580269125894e-05,0.341246,0.218111,0.337891,0.225975,0.389192,0.276565,0.3833807488692297,0.460734
